tipo,color,talla,planta
Shorts,Negro,XL,KnitNest Textile Co.
Pantalón Deportivo,Azul,S,DyeDreams Factory
Shorts,Blanco,M,TelaTech Factory
Leggings,Azul,M,WeaveWave Fabrics
Jeans,Gris,L,ThreadTide Textile Mill
Leggings,Gris Oscuro,M,LinenLoom Productions
Pantalón de Vestir,Azul Claro,M,LinenLoom Productions
Jeans,Gris Oscuro,M,KnitNest Textile Co.
Pantalón Cargo,Azul,L,SilkStream Textiles
Jeans,Verde,L,CottonCraft Works
Leggings,Blanco,S,FiberWorks Manufacturing
Pantalón Deportivo,Gris Oscuro,L,DyeDreams Factory
Pantalón Cargo,Azul Claro,S,KnitNest Textile Co.
Pantalón de Vestir,Blanco,S,WeaveWave Fabrics
Pantalón Cargo,Blanco,L,KnitNest Textile Co.
Pantalón Cargo,Azul,L,DyeDreams Factory
Pantalón Deportivo,Gris,XL,FiberWorks Manufacturing
Leggings,Azul,XL,DyeDreams Factory
Pantalón de Vestir,Gris Oscuro,S,DyeDreams Factory
Pantalón de Vestir,Azul Claro,M,LinenLoom Productions
Pantalón Cargo,Azul,M,TelaTech Factory
Jeans,Azul,L,CottonCraft Works
Pantalón de Vestir,Gris Oscuro,L,CottonCraft Works
Shorts,Gris Oscuro,M,WeaveWave Fabrics
Jeans,Negro,M,YarnYield Manufacturing
Pantalón Deportivo,Blanco,S,SilkStream Textiles
Pantalón Cargo,Blanco,M,DyeDreams Factory
Jeans,Azul Claro,M,TelaTech Factory
Pantalón Cargo,Azul,XL,CottonCraft Works
Shorts,Azul,S,WeaveWave Fabrics
Shorts,Gris,L,YarnYield Manufacturing
Pantalón de Vestir,Gris,XL,FiberWorks Manufacturing
Pantalón Deportivo,Verde,XL,FiberWorks Manufacturing
Pantalón Cargo,Gris,S,ThreadTide Textile Mill
Pantalón de Vestir,Gris,M,WeaveWave Fabrics
Pantalón de Vestir,Azul,XL,YarnYield Manufacturing
Pantalón de Vestir,Verde,L,TelaTech Factory
Leggings,Gris Oscuro,M,ThreadTide Textile Mill
Pantalón Deportivo,Gris,L,DyeDreams Factory
Pantalón Cargo,Verde,S,YarnYield Manufacturing
Leggings,Azul,S,LinenLoom Productions
Pantalón de Vestir,Negro,M,TelaTech Factory
Leggings,Azul Claro,M,CottonCraft Works
Pantalón Cargo,Gris,L,KnitNest Textile Co.
Pantalón Deportivo,Blanco,M,LinenLoom Productions
Pantalón Deportivo,Negro,S,CottonCraft Works
Shorts,Verde,XL,ThreadTide Textile Mill
Pantalón de Vestir,Azul Claro,M,TelaTech Factory
Pantalón Deportivo,Gris,S,ThreadTide Textile Mill
Shorts,Gris Oscuro,S,YarnYield Manufacturing
Jeans,Azul,M,CottonCraft Works
Pantalón de Vestir,Blanco,L,SilkStream Textiles
Pantalón de Vestir,Verde,XL,KnitNest Textile Co.
Pantalón Cargo,Negro,M,LinenLoom Productions
Shorts,Verde,L,YarnYield Manufacturing
Pantalón Cargo,Gris,L,WeaveWave Fabrics
Jeans,Verde,S,YarnYield Manufacturing
Pantalón de Vestir,Azul,S,WeaveWave Fabrics
Jeans,Negro,M,LinenLoom Productions
Pantalón Deportivo,Azul Claro,M,KnitNest Textile Co.
Pantalón Deportivo,Gris,M,FiberWorks Manufacturing
Jeans,Verde,S,SilkStream Textiles
Leggings,Gris,XL,WeaveWave Fabrics
Pantalón de Vestir,Azul,M,LinenLoom Productions
Pantalón Deportivo,Verde,L,ThreadTide Textile Mill
Shorts,Gris,L,YarnYield Manufacturing
Jeans,Negro,L,FiberWorks Manufacturing
Pantalón Cargo,Verde,S,WeaveWave Fabrics
Jeans,Negro,XL,KnitNest Textile Co.
Shorts,Gris Oscuro,M,WeaveWave Fabrics
Jeans,Negro,XL,SilkStream Textiles
Jeans,Negro,S,WeaveWave Fabrics
Leggings,Gris,S,YarnYield Manufacturing
Pantalón Cargo,Azul Claro,XL,SilkStream Textiles
Pantalón Deportivo,Gris,XL,ThreadTide Textile Mill
Pantalón Cargo,Azul Claro,S,KnitNest Textile Co.
Jeans,Negro,L,FiberWorks Manufacturing
Jeans,Negro,L,TelaTech Factory
Jeans,Verde,S,CottonCraft Works
Pantalón Cargo,Azul Claro,XL,SilkStream Textiles
Leggings,Gris Oscuro,L,YarnYield Manufacturing
Pantalón Deportivo,Gris Oscuro,S,DyeDreams Factory
Pantalón de Vestir,Gris,S,FiberWorks Manufacturing
Pantalón Cargo,Gris Oscuro,L,SilkStream Textiles
Leggings,Blanco,M,FiberWorks Manufacturing
Pantalón Deportivo,Gris,M,WeaveWave Fabrics
Shorts,Azul,S,CottonCraft Works
Pantalón Cargo,Gris Oscuro,S,FiberWorks Manufacturing
Pantalón de Vestir,Negro,M,LinenLoom Productions
Pantalón Cargo,Azul,XL,WeaveWave Fabrics
Pantalón Deportivo,Gris,M,CottonCraft Works
Leggings,Blanco,XL,SilkStream Textiles
Shorts,Verde,S,KnitNest Textile Co.
Pantalón Cargo,Gris,S,DyeDreams Factory
Leggings,Azul,L,TelaTech Factory
Leggings,Verde,S,SilkStream Textiles
Pantalón Deportivo,Azul,L,DyeDreams Factory
Pantalón de Vestir,Azul,XL,ThreadTide Textile Mill
Leggings,Blanco,M,ThreadTide Textile Mill
Pantalón Deportivo,Azul Claro,S,FiberWorks Manufacturing
Jeans,Azul,XL,FiberWorks Manufacturing
Jeans,Azul Claro,S,SilkStream Textiles
Pantalón Deportivo,Gris,S,ThreadTide Textile Mill
Shorts,Azul,M,YarnYield Manufacturing
Pantalón Deportivo,Azul Claro,L,YarnYield Manufacturing
Pantalón Deportivo,Gris,XL,DyeDreams Factory
Jeans,Verde,XL,SilkStream Textiles
Pantalón de Vestir,Azul,S,TelaTech Factory
Leggings,Gris,L,SilkStream Textiles
Jeans,Negro,S,LinenLoom Productions
Jeans,Blanco,XL,LinenLoom Productions
Shorts,Negro,M,ThreadTide Textile Mill
Shorts,Gris Oscuro,L,FiberWorks Manufacturing
Pantalón de Vestir,Azul,S,ThreadTide Textile Mill
Pantalón de Vestir,Negro,M,WeaveWave Fabrics
Pantalón de Vestir,Gris,XL,CottonCraft Works
Pantalón de Vestir,Negro,M,KnitNest Textile Co.
Pantalón Deportivo,Gris Oscuro,XL,FiberWorks Manufacturing
Leggings,Gris Oscuro,L,LinenLoom Productions
Shorts,Negro,S,KnitNest Textile Co.
Pantalón Deportivo,Gris,XL,CottonCraft Works
Pantalón de Vestir,Gris,XL,TelaTech Factory
Jeans,Negro,XL,FiberWorks Manufacturing
Jeans,Azul,S,ThreadTide Textile Mill
Jeans,Azul Claro,M,YarnYield Manufacturing
Pantalón Cargo,Verde,S,SilkStream Textiles
Shorts,Azul Claro,L,FiberWorks Manufacturing
Shorts,Azul Claro,XL,LinenLoom Productions
Jeans,Azul Claro,M,CottonCraft Works
Leggings,Azul Claro,M,LinenLoom Productions
Shorts,Negro,S,YarnYield Manufacturing
Pantalón de Vestir,Azul Claro,XL,FiberWorks Manufacturing
Pantalón de Vestir,Azul,S,KnitNest Textile Co.
Shorts,Gris,S,YarnYield Manufacturing
Jeans,Gris,L,TelaTech Factory
Leggings,Blanco,L,DyeDreams Factory
Pantalón Deportivo,Gris,M,LinenLoom Productions
Pantalón de Vestir,Verde,XL,LinenLoom Productions
Shorts,Azul,S,WeaveWave Fabrics
Shorts,Azul Claro,XL,YarnYield Manufacturing
Shorts,Gris,M,KnitNest Textile Co.
Shorts,Negro,L,TelaTech Factory
Leggings,Gris Oscuro,M,FiberWorks Manufacturing
Jeans,Gris Oscuro,S,YarnYield Manufacturing
Shorts,Gris Oscuro,S,WeaveWave Fabrics
Pantalón de Vestir,Azul,XL,FiberWorks Manufacturing
Leggings,Gris,S,CottonCraft Works
Pantalón de Vestir,Verde,XL,WeaveWave Fabrics
Pantalón Cargo,Verde,XL,DyeDreams Factory
Shorts,Azul,S,TelaTech Factory
Shorts,Blanco,S,TelaTech Factory
Jeans,Verde,L,KnitNest Textile Co.
Leggings,Blanco,XL,ThreadTide Textile Mill
Leggings,Gris,S,CottonCraft Works
Pantalón Deportivo,Verde,L,YarnYield Manufacturing
Jeans,Azul,L,WeaveWave Fabrics
Pantalón Deportivo,Negro,L,WeaveWave Fabrics
Leggings,Azul,L,ThreadTide Textile Mill
Pantalón Cargo,Negro,L,DyeDreams Factory
Jeans,Blanco,M,DyeDreams Factory
Leggings,Azul Claro,L,WeaveWave Fabrics
Shorts,Azul,L,DyeDreams Factory
Pantalón de Vestir,Gris Oscuro,L,YarnYield Manufacturing
Pantalón Deportivo,Negro,XL,FiberWorks Manufacturing
Pantalón Deportivo,Blanco,M,FiberWorks Manufacturing
Pantalón de Vestir,Gris,M,CottonCraft Works
Shorts,Gris Oscuro,M,LinenLoom Productions
Pantalón de Vestir,Azul,S,KnitNest Textile Co.
Jeans,Gris,L,TelaTech Factory
Shorts,Blanco,XL,LinenLoom Productions
Shorts,Azul,L,LinenLoom Productions
Pantalón Cargo,Gris,XL,DyeDreams Factory
Jeans,Azul Claro,L,DyeDreams Factory
Jeans,Gris Oscuro,L,ThreadTide Textile Mill
Pantalón de Vestir,Negro,XL,SilkStream Textiles
Pantalón Deportivo,Blanco,M,CottonCraft Works
Pantalón Deportivo,Negro,L,TelaTech Factory
Pantalón Cargo,Gris,XL,ThreadTide Textile Mill
Leggings,Verde,S,WeaveWave Fabrics
Jeans,Negro,S,WeaveWave Fabrics
Shorts,Blanco,L,FiberWorks Manufacturing
Leggings,Negro,XL,SilkStream Textiles
Pantalón Cargo,Azul,L,WeaveWave Fabrics
Jeans,Verde,M,ThreadTide Textile Mill
Pantalón Cargo,Gris Oscuro,XL,YarnYield Manufacturing
Jeans,Azul Claro,S,FiberWorks Manufacturing
Leggings,Negro,L,TelaTech Factory
Pantalón Cargo,Azul,XL,ThreadTide Textile Mill
Pantalón Deportivo,Gris Oscuro,S,FiberWorks Manufacturing
Pantalón de Vestir,Negro,XL,YarnYield Manufacturing
Jeans,Azul Claro,L,CottonCraft Works
Pantalón Deportivo,Azul Claro,M,CottonCraft Works
Pantalón de Vestir,Blanco,M,ThreadTide Textile Mill
Pantalón Cargo,Blanco,XL,YarnYield Manufacturing
Shorts,Gris,M,LinenLoom Productions
Pantalón Deportivo,Gris Oscuro,L,YarnYield Manufacturing
Leggings,Azul Claro,L,TelaTech Factory
Jeans,Negro,M,TelaTech Factory
Pantalón Deportivo,Azul,M,WeaveWave Fabrics
Pantalón Cargo,Verde,S,WeaveWave Fabrics
Pantalón Deportivo,Blanco,M,DyeDreams Factory
Jeans,Gris Oscuro,S,YarnYield Manufacturing
Jeans,Azul,L,ThreadTide Textile Mill
Leggings,Blanco,M,DyeDreams Factory
Jeans,Azul Claro,L,DyeDreams Factory
Jeans,Azul Claro,L,KnitNest Textile Co.
Shorts,Azul,M,WeaveWave Fabrics
Shorts,Azul Claro,XL,DyeDreams Factory
Jeans,Negro,S,LinenLoom Productions
Pantalón de Vestir,Gris,M,FiberWorks Manufacturing
Jeans,Azul,XL,TelaTech Factory
Shorts,Blanco,L,SilkStream Textiles
Shorts,Azul Claro,XL,CottonCraft Works
Pantalón Deportivo,Gris,S,LinenLoom Productions
Pantalón de Vestir,Blanco,S,DyeDreams Factory
Pantalón de Vestir,Gris,L,TelaTech Factory
Jeans,Negro,M,TelaTech Factory
Shorts,Verde,S,YarnYield Manufacturing
Leggings,Verde,XL,FiberWorks Manufacturing
Shorts,Verde,XL,ThreadTide Textile Mill
Pantalón Deportivo,Negro,M,FiberWorks Manufacturing
Pantalón Deportivo,Gris,S,KnitNest Textile Co.
Jeans,Negro,XL,FiberWorks Manufacturing
Jeans,Gris,XL,DyeDreams Factory
Leggings,Blanco,M,DyeDreams Factory
Pantalón de Vestir,Azul Claro,M,LinenLoom Productions
Jeans,Gris Oscuro,XL,TelaTech Factory
Pantalón de Vestir,Gris Oscuro,L,ThreadTide Textile Mill
Shorts,Verde,L,LinenLoom Productions
Pantalón de Vestir,Blanco,M,FiberWorks Manufacturing
Shorts,Gris Oscuro,XL,SilkStream Textiles
Pantalón Deportivo,Gris Oscuro,XL,CottonCraft Works
Leggings,Azul Claro,XL,SilkStream Textiles
Shorts,Azul Claro,S,FiberWorks Manufacturing
Leggings,Gris,M,ThreadTide Textile Mill
Leggings,Azul,XL,DyeDreams Factory
Pantalón de Vestir,Gris,M,KnitNest Textile Co.
Leggings,Verde,M,FiberWorks Manufacturing
Pantalón de Vestir,Verde,XL,LinenLoom Productions
Pantalón de Vestir,Negro,S,ThreadTide Textile Mill
Leggings,Blanco,M,ThreadTide Textile Mill
Leggings,Blanco,XL,YarnYield Manufacturing
Pantalón Cargo,Azul Claro,S,ThreadTide Textile Mill
Shorts,Blanco,S,KnitNest Textile Co.
Pantalón Cargo,Azul Claro,S,KnitNest Textile Co.
Leggings,Gris,XL,CottonCraft Works
Leggings,Negro,S,SilkStream Textiles
Jeans,Azul Claro,S,DyeDreams Factory
Pantalón Cargo,Gris Oscuro,M,YarnYield Manufacturing
Shorts,Azul,L,TelaTech Factory
Pantalón Deportivo,Blanco,S,KnitNest Textile Co.
Pantalón de Vestir,Verde,XL,DyeDreams Factory
Pantalón Deportivo,Negro,XL,YarnYield Manufacturing
Pantalón Deportivo,Verde,XL,CottonCraft Works
Pantalón Cargo,Verde,S,LinenLoom Productions
Leggings,Gris,M,YarnYield Manufacturing
Pantalón Cargo,Blanco,L,LinenLoom Productions
Jeans,Gris,S,WeaveWave Fabrics
Jeans,Verde,M,DyeDreams Factory
Pantalón Deportivo,Azul Claro,L,ThreadTide Textile Mill
Pantalón de Vestir,Gris,M,FiberWorks Manufacturing
Pantalón de Vestir,Negro,XL,FiberWorks Manufacturing
Jeans,Gris Oscuro,M,DyeDreams Factory
Pantalón de Vestir,Azul,S,SilkStream Textiles
Pantalón Deportivo,Gris Oscuro,XL,CottonCraft Works
Jeans,Azul,L,SilkStream Textiles
Shorts,Negro,XL,YarnYield Manufacturing
Pantalón Deportivo,Blanco,M,CottonCraft Works
Jeans,Verde,M,CottonCraft Works
Pantalón Deportivo,Verde,L,KnitNest Textile Co.
Leggings,Azul Claro,M,CottonCraft Works
Jeans,Blanco,S,LinenLoom Productions
Pantalón Cargo,Azul,L,YarnYield Manufacturing
Pantalón Cargo,Azul Claro,XL,TelaTech Factory
Pantalón Deportivo,Azul,S,ThreadTide Textile Mill
Shorts,Verde,L,SilkStream Textiles
Jeans,Negro,S,KnitNest Textile Co.
Jeans,Azul,XL,DyeDreams Factory
Pantalón de Vestir,Azul Claro,S,DyeDreams Factory
Shorts,Azul Claro,S,ThreadTide Textile Mill
Shorts,Verde,M,CottonCraft Works
Pantalón Deportivo,Blanco,L,FiberWorks Manufacturing
Pantalón Cargo,Negro,S,WeaveWave Fabrics
Jeans,Azul Claro,L,WeaveWave Fabrics
Pantalón Deportivo,Negro,XL,CottonCraft Works
Jeans,Negro,M,LinenLoom Productions
Pantalón de Vestir,Azul,XL,YarnYield Manufacturing
Leggings,Blanco,M,WeaveWave Fabrics
Leggings,Negro,S,TelaTech Factory
Pantalón Cargo,Verde,S,WeaveWave Fabrics
Pantalón Cargo,Verde,L,TelaTech Factory
Leggings,Azul,S,CottonCraft Works
Pantalón de Vestir,Verde,XL,LinenLoom Productions
Pantalón de Vestir,Azul Claro,M,WeaveWave Fabrics
Pantalón de Vestir,Negro,M,ThreadTide Textile Mill
Pantalón Deportivo,Azul Claro,L,FiberWorks Manufacturing
Leggings,Gris,S,LinenLoom Productions
Pantalón Cargo,Verde,M,LinenLoom Productions
Leggings,Gris,S,ThreadTide Textile Mill
Pantalón Deportivo,Azul Claro,XL,ThreadTide Textile Mill
Leggings,Blanco,XL,CottonCraft Works
Shorts,Azul,M,FiberWorks Manufacturing
Pantalón Cargo,Blanco,L,LinenLoom Productions
Leggings,Verde,S,TelaTech Factory
Pantalón Cargo,Gris,M,FiberWorks Manufacturing
Leggings,Verde,L,TelaTech Factory
Jeans,Verde,M,LinenLoom Productions
Pantalón Deportivo,Blanco,L,CottonCraft Works
Pantalón Deportivo,Negro,XL,FiberWorks Manufacturing
Pantalón Deportivo,Gris Oscuro,M,LinenLoom Productions
Pantalón Deportivo,Azul Claro,L,LinenLoom Productions
Shorts,Negro,M,DyeDreams Factory
Pantalón Cargo,Blanco,L,LinenLoom Productions
Pantalón Cargo,Azul Claro,L,KnitNest Textile Co.
Leggings,Gris,S,LinenLoom Productions
Leggings,Verde,XL,FiberWorks Manufacturing
Pantalón Deportivo,Azul,L,TelaTech Factory
Pantalón Deportivo,Blanco,L,YarnYield Manufacturing
Pantalón Cargo,Azul Claro,S,LinenLoom Productions
Jeans,Azul,L,LinenLoom Productions
Shorts,Gris Oscuro,M,TelaTech Factory
Jeans,Verde,L,FiberWorks Manufacturing
Pantalón Cargo,Azul Claro,L,FiberWorks Manufacturing
Shorts,Blanco,M,SilkStream Textiles
Shorts,Negro,L,SilkStream Textiles
Shorts,Azul,M,YarnYield Manufacturing
Pantalón Cargo,Gris Oscuro,S,ThreadTide Textile Mill
Pantalón de Vestir,Gris,L,TelaTech Factory
Pantalón Cargo,Verde,XL,LinenLoom Productions
Leggings,Gris,XL,SilkStream Textiles
Jeans,Gris Oscuro,M,CottonCraft Works
Leggings,Blanco,XL,FiberWorks Manufacturing
Pantalón Cargo,Azul Claro,S,YarnYield Manufacturing
Pantalón Cargo,Blanco,S,KnitNest Textile Co.
Pantalón Cargo,Gris Oscuro,M,LinenLoom Productions
Jeans,Azul Claro,L,FiberWorks Manufacturing
Jeans,Negro,M,CottonCraft Works
Pantalón Deportivo,Gris,M,DyeDreams Factory
Pantalón Cargo,Azul,L,CottonCraft Works
Shorts,Verde,S,KnitNest Textile Co.
Pantalón Deportivo,Verde,XL,TelaTech Factory
Pantalón Cargo,Azul Claro,S,ThreadTide Textile Mill
Pantalón Cargo,Azul Claro,XL,DyeDreams Factory
Leggings,Verde,S,TelaTech Factory
Pantalón de Vestir,Gris,XL,DyeDreams Factory
Shorts,Verde,L,DyeDreams Factory
Pantalón Cargo,Gris Oscuro,M,TelaTech Factory
Pantalón de Vestir,Verde,XL,LinenLoom Productions
Pantalón Deportivo,Verde,L,DyeDreams Factory
Jeans,Gris,L,CottonCraft Works
Pantalón Deportivo,Verde,S,KnitNest Textile Co.
Shorts,Azul Claro,L,CottonCraft Works
Leggings,Azul,XL,CottonCraft Works
Pantalón Deportivo,Negro,S,KnitNest Textile Co.
Shorts,Azul,M,SilkStream Textiles
Pantalón Cargo,Blanco,S,KnitNest Textile Co.
Pantalón Deportivo,Gris Oscuro,M,SilkStream Textiles
Jeans,Azul Claro,XL,ThreadTide Textile Mill
Shorts,Gris,S,LinenLoom Productions
Jeans,Azul,XL,LinenLoom Productions
Jeans,Gris Oscuro,S,SilkStream Textiles
Leggings,Negro,L,WeaveWave Fabrics
Pantalón Deportivo,Azul Claro,L,ThreadTide Textile Mill
Jeans,Gris,XL,LinenLoom Productions
Pantalón Cargo,Negro,M,CottonCraft Works
Pantalón de Vestir,Negro,S,FiberWorks Manufacturing
Shorts,Blanco,M,YarnYield Manufacturing
Pantalón Cargo,Gris,M,WeaveWave Fabrics
Leggings,Azul Claro,L,WeaveWave Fabrics
Jeans,Negro,S,DyeDreams Factory
Jeans,Negro,L,WeaveWave Fabrics
Pantalón Deportivo,Gris Oscuro,L,DyeDreams Factory
Jeans,Azul Claro,L,WeaveWave Fabrics
Pantalón de Vestir,Gris,S,YarnYield Manufacturing
Jeans,Gris,M,ThreadTide Textile Mill
Pantalón de Vestir,Azul,M,CottonCraft Works
Jeans,Gris Oscuro,L,TelaTech Factory
Pantalón de Vestir,Gris,L,TelaTech Factory
Leggings,Azul Claro,L,SilkStream Textiles
Pantalón Deportivo,Verde,XL,YarnYield Manufacturing
Pantalón de Vestir,Negro,L,KnitNest Textile Co.
Jeans,Gris,L,WeaveWave Fabrics
Pantalón Cargo,Negro,M,ThreadTide Textile Mill
Pantalón de Vestir,Verde,M,WeaveWave Fabrics
Pantalón Cargo,Azul Claro,L,LinenLoom Productions
Jeans,Gris Oscuro,M,DyeDreams Factory
Pantalón Cargo,Blanco,M,DyeDreams Factory
Leggings,Negro,XL,KnitNest Textile Co.
Leggings,Verde,L,TelaTech Factory
Jeans,Verde,M,DyeDreams Factory
Jeans,Verde,M,TelaTech Factory
Jeans,Negro,S,DyeDreams Factory
Leggings,Negro,XL,ThreadTide Textile Mill
Pantalón Cargo,Gris,L,SilkStream Textiles
Pantalón de Vestir,Azul Claro,XL,SilkStream Textiles
Shorts,Azul Claro,XL,YarnYield Manufacturing
Pantalón Cargo,Gris Oscuro,L,FiberWorks Manufacturing
Pantalón Deportivo,Azul,S,KnitNest Textile Co.
Jeans,Azul,XL,FiberWorks Manufacturing
Leggings,Azul,S,SilkStream Textiles
Pantalón de Vestir,Gris,XL,TelaTech Factory
Pantalón Cargo,Azul,L,LinenLoom Productions
Pantalón Cargo,Negro,XL,KnitNest Textile Co.
Pantalón de Vestir,Gris,L,YarnYield Manufacturing
Jeans,Negro,XL,KnitNest Textile Co.
Pantalón de Vestir,Blanco,M,YarnYield Manufacturing
Shorts,Azul,S,TelaTech Factory
Pantalón de Vestir,Gris,XL,YarnYield Manufacturing
Pantalón de Vestir,Verde,M,YarnYield Manufacturing
Leggings,Azul,S,KnitNest Textile Co.
Pantalón de Vestir,Gris Oscuro,S,LinenLoom Productions
Shorts,Gris Oscuro,XL,FiberWorks Manufacturing
Shorts,Azul,XL,FiberWorks Manufacturing
Leggings,Gris Oscuro,M,KnitNest Textile Co.
Pantalón Deportivo,Azul Claro,M,YarnYield Manufacturing
Pantalón de Vestir,Azul Claro,M,LinenLoom Productions
Pantalón Deportivo,Gris Oscuro,M,FiberWorks Manufacturing
Jeans,Azul Claro,L,LinenLoom Productions
Pantalón Deportivo,Gris,M,ThreadTide Textile Mill
Pantalón de Vestir,Azul,XL,SilkStream Textiles
Pantalón Deportivo,Blanco,S,SilkStream Textiles
Pantalón de Vestir,Gris Oscuro,XL,ThreadTide Textile Mill
Shorts,Azul Claro,XL,KnitNest Textile Co.
Pantalón Deportivo,Azul,XL,DyeDreams Factory
Pantalón Deportivo,Gris,L,FiberWorks Manufacturing
Leggings,Gris,M,FiberWorks Manufacturing
Pantalón Cargo,Gris,S,YarnYield Manufacturing
Pantalón de Vestir,Gris Oscuro,M,SilkStream Textiles
Pantalón Cargo,Azul,S,SilkStream Textiles
Jeans,Gris Oscuro,L,ThreadTide Textile Mill
Pantalón de Vestir,Verde,M,KnitNest Textile Co.
Shorts,Blanco,L,SilkStream Textiles
Pantalón de Vestir,Azul Claro,L,KnitNest Textile Co.
Jeans,Gris,XL,SilkStream Textiles
Shorts,Verde,M,TelaTech Factory
Jeans,Azul,XL,LinenLoom Productions
Pantalón Deportivo,Gris Oscuro,XL,DyeDreams Factory
Shorts,Azul Claro,XL,CottonCraft Works
Pantalón Cargo,Verde,M,FiberWorks Manufacturing
Leggings,Gris Oscuro,XL,LinenLoom Productions
Shorts,Verde,L,TelaTech Factory
Leggings,Azul,XL,DyeDreams Factory
Pantalón Deportivo,Gris,L,WeaveWave Fabrics
Leggings,Verde,L,TelaTech Factory
Pantalón Cargo,Gris,S,SilkStream Textiles
Pantalón Cargo,Negro,XL,YarnYield Manufacturing
Pantalón Deportivo,Azul Claro,S,CottonCraft Works
Leggings,Azul,XL,FiberWorks Manufacturing
Leggings,Gris,L,DyeDreams Factory
Pantalón de Vestir,Gris Oscuro,M,FiberWorks Manufacturing
Jeans,Gris,L,SilkStream Textiles
Jeans,Azul Claro,S,YarnYield Manufacturing
Shorts,Verde,S,DyeDreams Factory
Shorts,Verde,XL,ThreadTide Textile Mill
Pantalón Deportivo,Blanco,M,CottonCraft Works
Leggings,Negro,S,FiberWorks Manufacturing
Leggings,Gris Oscuro,S,ThreadTide Textile Mill
Pantalón de Vestir,Azul Claro,L,FiberWorks Manufacturing
Pantalón Cargo,Blanco,XL,LinenLoom Productions
Pantalón Cargo,Gris,S,CottonCraft Works
Leggings,Verde,M,TelaTech Factory
Pantalón de Vestir,Negro,XL,LinenLoom Productions
Pantalón Deportivo,Azul Claro,L,SilkStream Textiles
Pantalón Deportivo,Gris Oscuro,XL,TelaTech Factory
Leggings,Blanco,L,DyeDreams Factory
Shorts,Negro,S,SilkStream Textiles
Pantalón de Vestir,Gris,S,ThreadTide Textile Mill
Shorts,Negro,XL,WeaveWave Fabrics
Jeans,Verde,M,TelaTech Factory
Jeans,Gris,XL,TelaTech Factory
Leggings,Azul Claro,M,FiberWorks Manufacturing
Pantalón Deportivo,Blanco,M,DyeDreams Factory
Shorts,Verde,S,LinenLoom Productions
Leggings,Verde,XL,TelaTech Factory
Shorts,Azul,L,CottonCraft Works
Jeans,Gris,L,LinenLoom Productions
Shorts,Azul Claro,S,ThreadTide Textile Mill
Leggings,Gris Oscuro,XL,YarnYield Manufacturing
Pantalón Cargo,Gris,S,WeaveWave Fabrics
Pantalón Cargo,Azul Claro,S,YarnYield Manufacturing
Pantalón Cargo,Gris,S,KnitNest Textile Co.
Pantalón de Vestir,Azul,M,KnitNest Textile Co.
Shorts,Negro,S,WeaveWave Fabrics
Pantalón de Vestir,Negro,M,WeaveWave Fabrics
Pantalón Cargo,Negro,S,TelaTech Factory
Shorts,Blanco,L,WeaveWave Fabrics
Jeans,Gris,L,LinenLoom Productions
Jeans,Gris,XL,LinenLoom Productions
Pantalón Cargo,Gris,XL,FiberWorks Manufacturing
Pantalón Deportivo,Negro,S,DyeDreams Factory
Pantalón Cargo,Negro,XL,KnitNest Textile Co.
Jeans,Verde,L,SilkStream Textiles
Pantalón Deportivo,Blanco,M,CottonCraft Works
Pantalón de Vestir,Azul,XL,SilkStream Textiles
Shorts,Gris Oscuro,L,YarnYield Manufacturing
Leggings,Azul,S,LinenLoom Productions
Shorts,Azul Claro,XL,KnitNest Textile Co.
Pantalón Cargo,Azul,L,FiberWorks Manufacturing
Jeans,Gris Oscuro,M,SilkStream Textiles
